{
  "timestamp": "20260630_091556",
  "git_commit": "unknown",
  "script": "replicate_fig3.py",
  "paper_pmid": "38125882",
  "figure": "Fig3",
  "input_csv": "M025_PMID38125882_fig3.csv",
  "status": "PASS",
  "overall_rmse_relative": 0.10125523764951028,
  "validated_variables": [
    "EPO",
    "Hb",
    "RBC"
  ],
  "excluded_variables": [
    "Retics (Panel C digitization uncertain)"
  ],
  "comparison": {
    "EPO": {
      "rmse_relative": 0.1524752749696175,
      "per_stage": {
        "Healthy": {
          "ref": 6.98947,
          "model": 7.0,
          "rel_err": 0.0015065519989355632
        },
        "CKD1.5": {
          "ref": 6.03728,
          "model": 5.475849087480474,
          "rel_err": 0.09299401593424958
        },
        "CKD3": {
          "ref": 5.55105,
          "model": 4.706840701909465,
          "rel_err": 0.15208101135650637
        },
        "CKD4": {
          "ref": 5.14587,
          "model": 3.931488286287742,
          "rel_err": 0.23599152596397857
        },
        "CKD5": {
          "ref": 4.01135,
          "model": 3.3309233879610036,
          "rel_err": 0.1696253411043655
        }
      },
      "validated": true
    },
    "Hb": {
      "rmse_relative": 0.09375900631449734,
      "per_stage": {
        "Healthy": {
          "ref": 14.52679,
          "model": 14.590195304793843,
          "rel_err": 0.004364715452886907
        },
        "CKD1.5": {
          "ref": 13.1875,
          "model": 13.204562151890782,
          "rel_err": 0.0012938124656517052
        },
        "CKD3": {
          "ref": 11.9375,
          "model": 11.937989222557595,
          "rel_err": 4.098199435354351e-05
        },
        "CKD4": {
          "ref": 8.96875,
          "model": 10.621211309496525,
          "rel_err": 0.18424655715640698
        },
        "CKD5": {
          "ref": 8.5,
          "model": 9.349414834111162,
          "rel_err": 0.09993115695425434
        }
      },
      "validated": true
    },
    "RBC": {
      "rmse_relative": 0.05753143166441598,
      "per_stage": {
        "Healthy": {
          "ref": 5.0,
          "model": 5.0,
          "rel_err": 0.0
        },
        "CKD1.5": {
          "ref": 4.59441,
          "model": 4.524349235228465,
          "rel_err": 0.0152491320477569
        },
        "CKD3": {
          "ref": 4.11888,
          "model": 4.088930911081907,
          "rel_err": 0.007271172968887822
        },
        "CKD4": {
          "ref": 3.27972,
          "model": 3.636630442580515,
          "rel_err": 0.10882344912996077
        },
        "CKD5": {
          "ref": 3.0,
          "model": 3.199480354258835,
          "rel_err": 0.06649345141961167
        }
      },
      "validated": true
    },
    "Retics": {
      "rmse_relative": 0.3596262112173617,
      "per_stage": {
        "Healthy": {
          "ref": 0.05691,
          "model": 0.09,
          "rel_err": 0.5814443858724301
        },
        "CKD1.5": {
          "ref": 0.05783,
          "model": 0.0822526607064544,
          "rel_err": 0.4223181861742072
        },
        "CKD3": {
          "ref": 0.06757,
          "model": 0.07580875644351998,
          "rel_err": 0.1219292059126827
        },
        "CKD4": {
          "ref": 0.05326,
          "model": 0.06873226408417073,
          "rel_err": 0.2905043951214931
        },
        "CKD5": {
          "ref": 0.07548,
          "model": 0.06219781464064781,
          "rel_err": 0.17596959935548748
        }
      },
      "validated": false
    },
    "_overall_rmse": 0.10125523764951028
  },
  "model_outputs": {
    "Healthy": {
      "EPO": 7.0,
      "Hb": 14.590195304793843,
      "Retics": 0.09,
      "RBC": 5.0
    },
    "CKD1.5": {
      "EPO": 5.475849087480474,
      "Hb": 13.204562151890782,
      "Retics": 0.0822526607064544,
      "RBC": 4.524349235228465
    },
    "CKD3": {
      "EPO": 4.706840701909465,
      "Hb": 11.937989222557595,
      "Retics": 0.07580875644351998,
      "RBC": 4.088930911081907
    },
    "CKD4": {
      "EPO": 3.931488286287742,
      "Hb": 10.621211309496525,
      "Retics": 0.06873226408417073,
      "RBC": 3.636630442580515
    },
    "CKD5": {
      "EPO": 3.3309233879610036,
      "Hb": 9.349414834111162,
      "Retics": 0.06219781464064781,
      "RBC": 3.199480354258835
    }
  }
}