{
  "timestamp": "20260628_173909",
  "git_commit": "unknown",
  "model": "M018_Mahato_2018",
  "figure": "fig5",
  "pmid": "30564457",
  "status": "PASS",
  "reason": "GFR RMSE=25.0% \u2264 30%; UAER rising",
  "input_csvs": {
    "GFR": "/home/sneidere/kidney-mechanistic/resources/digitized/M018_PMID30564457_fig2b_GFR.csv",
    "UAER": "/home/sneidere/kidney-mechanistic/resources/digitized/M018_PMID30564457_fig2c_UAER.csv"
  },
  "baseline_outputs": {
    "MAP_mmHg": 98.17808550357296,
    "GFR_mL_min": 0.31775516833670486,
    "SNGFR_nL_min": 31.77553206243172,
    "RBF_L_min": 0.0018003950314475574,
    "Pgc_mmHg": 37.477508909963944,
    "Kf_nL_min_mmHg": 3.9000479733631086,
    "N_nephrons": 9999.99520739379,
    "UAER_ug_day": 1063.0390554617384,
    "delta_Daa": 0.0,
    "delta_SA": 1.2780122956649251e-05,
    "delta_Perm": 4.79260621066187e-07,
    "delta_Nephrons": 4.79260621066187e-07,
    "AngII": 4.760148731779121,
    "serum_creatinine_mg_dL": 0.20379279001899284,
    "blood_glucose_mg_dL": 90.0
  },
  "rmse_pct": {
    "GFR_dbdb": 25.032032578096214,
    "UAER_dbdb": 409.93827074509153,
    "GFR_ctrl": 59.320284686977956
  },
  "qualitative_checks": {
    "hyperfiltration_present": false,
    "uaer_rising": true,
    "gfr_peak_mL_min": 0.33238704880173225,
    "gfr_ctrl_mL_min": 0.31775516833670486,
    "uaer_final_ug_day": 1203.2387338436329
  },
  "model_traces": {
    "t_weeks": [
      0.0,
      1.0,
      2.0,
      3.0,
      4.0,
      5.0,
      6.0,
      7.0,
      8.0,
      9.0,
      10.0,
      11.0,
      12.0,
      13.0,
      14.0,
      15.0,
      16.0,
      17.0,
      18.0,
      19.0,
      20.0,
      21.0,
      22.0,
      23.0,
      24.0,
      25.0
    ],
    "dbdb_GFR_mL_min": [
      0.31775516833670486,
      0.3259449628378159,
      0.3291797755013808,
      0.3293735501268163,
      0.3293939881258588,
      0.3297090125683282,
      0.3303858576461381,
      0.3313293773068647,
      0.3323591600599102,
      0.3323643403972144,
      0.33226274851710513,
      0.33222220300869276,
      0.33221278186188413,
      0.3322175826528686,
      0.33222847565787833,
      0.3322418451244034,
      0.33225615953410015,
      0.33227079006044147,
      0.332285485878887,
      0.3323001535900882,
      0.33231476433528656,
      0.33232931456135134,
      0.3323438098565157,
      0.33235825856400264,
      0.3323726690735914,
      0.33238704880173225
    ],
    "dbdb_Pgc_mmHg": [
      37.477508909963944,
      37.72040125460412,
      37.816036866018685,
      37.82147480955537,
      37.82178290329235,
      37.83082716681679,
      37.85058794187883,
      37.878230164806794,
      37.908395453474725,
      37.90814444316132,
      37.90473286624959,
      37.90313311381289,
      37.90245696358015,
      37.902202819652224,
      37.902129440125954,
      37.902129554017776,
      37.90215771919099,
      37.90219527931408,
      37.90223479619026,
      37.90227349981135,
      37.9023105357541,
      37.9023458002338,
      37.90237946037952,
      37.90241176477213,
      37.902442963052465,
      37.90247327599994
    ],
    "dbdb_Kf": [
      3.9000479733631086,
      3.900118303254145,
      3.9002633763420826,
      3.90042631314365,
      3.9005894557608602,
      3.9007545683542344,
      3.9009264260862455,
      3.9011095187900775,
      3.9013063255023113,
      3.901510869460945,
      3.901713652482787,
      3.9019152835876603,
      3.9021163872245888,
      3.902317264736602,
      3.902518049534235,
      3.9027187975167252,
      3.902919530848179,
      3.9031202576188715,
      3.903320980211995,
      3.9035216987890604,
      3.903722412720477,
      3.9039231211811996,
      3.904123823375145,
      3.9043245186080755,
      3.9045252063039975,
      3.9047258859974265
    ],
    "dbdb_N_nephrons": [
      9999.99520739379,
      9999.988181113351,
      9999.973686794896,
      9999.957406342575,
      9999.94110388136,
      9999.924603093516,
      9999.907426647027,
      9999.889125548025,
      9999.869451629094,
      9999.849002020397,
      9999.82872621932,
      9999.808563379096,
      9999.788451082799,
      9999.768359205114,
      9999.748274406978,
      9999.728191098335,
      9999.708107062188,
      9999.688021488932,
      9999.66793413978,
      9999.647844998208,
      9999.627754126881,
      9999.607661608057,
      9999.587567521128,
      9999.567471935323,
      9999.547374908063,
      9999.527276485722
    ],
    "dbdb_UAER_ug_day": [
      1063.0390554617384,
      1092.6847640108745,
      1106.6345877950166,
      1110.3959929007822,
      1113.5602836802368,
      1117.7934796476795,
      1123.4308565639287,
      1130.2347591902521,
      1137.625923691403,
      1141.559256336925,
      1145.079904912515,
      1148.7942830799818,
      1152.6094143482414,
      1156.4714764250039,
      1160.3542405823523,
      1164.2459258233496,
      1168.1414919428396,
      1172.03884048649,
      1175.9371133479679,
      1179.8359742707196,
      1183.7353044087652,
      1187.6350730017107,
      1191.5352834338541,
      1195.4359514985858,
      1199.337095807429,
      1203.2387338436329
    ],
    "dbdb_MAP_mmHg": [
      98.17808550357296,
      100.00736376957425,
      97.82072447020586,
      94.99513173398923,
      92.76553680621795,
      91.23155830343948,
      90.29754321804863,
      89.81168083412658,
      89.61579878478364,
      89.44442304308578,
      89.35160449376943,
      89.31219817244816,
      89.29648009111423,
      89.2905189967051,
      89.28838464642746,
      89.28769492564544,
      89.28753230206857,
      89.28755246405919,
      89.28762907227294,
      89.28771732045787,
      89.28780258114519,
      89.2878808863106,
      89.28795191713638,
      89.28801654282994,
      89.28807587910283,
      89.28813097338077
    ],
    "unx_GFR_mL_min": [
      0.31775516833670486,
      0.3259449628378159,
      0.3291797755013808,
      0.3293735501268163,
      0.3293939881258588,
      0.3297090125683282,
      0.3303858576461381,
      0.3313293773068647,
      0.3472827881171777,
      0.5594820066693484,
      0.5935750990445758,
      0.5791778148919475,
      0.57097301587183,
      0.5661035598997203,
      0.5631321616374179,
      0.56130182847825,
      0.5601905965051309,
      0.5595529277028921,
      0.5712313482234994,
      0.5798486065437437,
      0.5807487922687539,
      0.5816921064131603,
      0.5826808198055259,
      0.5837232459693329,
      0.5848140528709013,
      0.5859366765885394
    ],
    "unx_UAER_ug_day": [
      1063.0390554617384,
      1092.6847640108745,
      1106.6345877950166,
      1110.3959929007822,
      1113.5602836802368,
      1117.7934796476795,
      1123.4308565639287,
      1130.2347591902521,
      1208.3239449515472,
      2162.8935809358823,
      2685.798329100376,
      2987.177296582362,
      3296.0423584515493,
      3609.886205976631,
      3927.0020494370624,
      4246.357864070676,
      4567.326796505483,
      4889.535751288577,
      5325.922964275636,
      5759.72827325772,
      6122.966841422498,
      6487.602210247201,
      6853.781871283533,
      7221.7399758277015,
      7591.556034579406,
      7963.1336683841255
    ],
    "ctrl_GFR_mL_min": 0.31775516833670486
  },
  "data_summary": {
    "gfr_dbdb_points": 8,
    "uaer_dbdb_points": 15
  },
  "run_times_s": {
    "ctrl": 0.1716909408569336,
    "dbdb": 0.07389044761657715,
    "unx": 0.2530193328857422
  },
  "plot_file": "/home/sneidere/kidney-mechanistic/artifacts/replication/M018_fig5_20260628_173909.png"
}