{
  "timestamp": "2026-06-25T13:31:55.440506",
  "git_commit": "HEAD",
  "script": "replicate_app_fig1.py",
  "figure": "Hallow & Gebremichael 2017 (PMID 28556624) Fig 1",
  "paper_pmid": 28556624,
  "na_sweep_mmol_day": [
    20.000000000000004,
    21.810154653305155,
    23.784142300054427,
    25.936791093020197,
    28.284271247461906,
    30.844216508158823,
    33.635856610148586,
    36.68016172818686,
    40.00000000000001,
    43.62030930661032,
    47.56828460010885,
    51.8735821860404,
    56.56854249492382,
    61.68843301631765,
    67.27171322029719,
    73.36032345637372,
    80.00000000000003,
    87.24061861322065,
    95.13656920021772,
    103.74716437208082,
    113.13708498984765,
    123.37686603263532,
    134.5434264405944,
    146.72064691274747,
    160.00000000000009
  ],
  "panel_a_sp_n_values": [
    "0",
    "0.5",
    "1",
    "3"
  ],
  "panel_b_scenarios": [
    "No RAAS",
    "RAAS"
  ],
  "digitized_data_available": true,
  "calibrated_params_used": true,
  "rmse_panel_a_map_per_series": {
    "0": 13.223003352788812,
    "0.5": 4.9780419853281215,
    "1": 2.754209663291512,
    "3": 0.9865844388831914
  },
  "rmse_panel_a_gfr_per_series": {
    "0": 24.019191559296935,
    "0.5": 10.912255992239812,
    "1": 6.806327234952437,
    "3": 6.086592020341927
  },
  "rmse_panel_a_map_worst": 13.223003352788812,
  "rmse_panel_a_gfr_worst": 24.019191559296935,
  "output_figure": "/home/sneidere/kidney-mechanistic/figures/replication/M003_app_fig1.png",
  "status": "PASS"
}